particip_code,pred_trialN,pred_Cond,pred_Cont,pred_Cat,pred_Obj,pred_predictedValue,pred_acc,pred_rt,rec_trialN,rec_session,rec_trialType,rec_Cond,rec_Cat,rec_Obj,rec_response,rec_acc,rec_rt,rec_respConf,rec_rtConf,rec_respCont
15,1,4,5,HouseObjects,key,0,0,NaN,185,1,old,4,HouseObjects,key,1,1,1.0672171828337,6,6.79939985275269e-05,6
15,2,1,3,HouseObjects,handvacuum,3,0,1.08627858990803,362,2,old,1,HouseObjects,handvacuum,1,1,1.5370248076506,4,0.17841524630785,5
15,3,4,6,FruitsAndVegs,greenolive,1,0,1.88892830256373,259,2,old,4,FruitsAndVegs,greenolive,1,1,1.10196916339919,6,1.9566358756274,6
15,4,4,5,HouseObjects,thread,0,0,NaN,302,2,old,4,HouseObjects,thread,1,1,0.921725456602871,5,0.297410808503628,5
15,5,2,4,Instruments,grandpiano2,1,1,0.685547718778253,192,1,old,2,Instruments,grandpiano2,0,0,2.00673044193536,3,1.385766742751,4
15,6,3,4,HouseObjects,iron2,1,0,1.67994430940598,86,1,old,3,HouseObjects,iron2,1,1,0.90228495048359,5,0.336606773082167,5
15,7,4,4,Instruments,drums,1,1,0.914738753810525,17,1,old,4,Instruments,drums,1,1,0.936085978057235,6,1.2557981708087,4
15,8,3,6,HouseObjects,pitcher2,3,0,1.47680555284023,269,2,old,3,HouseObjects,pitcher2,1,1,1.51409608265385,4,3.04989860253409,5
15,9,4,6,FruitsAndVegs,kiwi2,1,0,1.69536354811862,326,2,old,4,FruitsAndVegs,kiwi2,1,1,1.70558541733772,4,0.405156894121319,6
15,10,3,5,Instruments,hihat2,0,0,NaN,11,1,old,3,Instruments,hihat2,1,1,1.90945190098137,5,1.06196464784443,4
15,11,3,5,Instruments,frenchhorn2,1,1,0.676156851928681,131,1,old,3,Instruments,frenchhorn2,0,0,1.16826201276854,4,0.649440990295261,4
15,12,4,4,Instruments,laud,1,1,1.11045301612467,218,2,old,4,Instruments,laud,1,1,0.820628668181598,3,0.814838596154004,4
15,13,4,4,Instruments,trumpet,2,0,1.17718269489706,333,2,old,4,Instruments,trumpet,1,1,1.4419721076265,4,0.823379217181355,4
15,14,1,1,FruitsAndVegs,garlic2,1,0,0.91523459693417,212,2,old,1,FruitsAndVegs,garlic2,1,1,1.43626927305013,5,2.4844186338596,6
15,15,1,2,FruitsAndVegs,leek,3,1,1.33359707752243,379,2,old,1,FruitsAndVegs,leek,0,0,1.14406000403687,4,0.931858163326979,6
15,16,4,4,Instruments,keyboard,1,1,0.88820955529809,84,1,old,4,Instruments,keyboard,1,1,0.809922823682427,5,0.75420913239941,4
15,17,1,1,HouseObjects,dustpan,1,0,1.08261461229995,231,2,old,1,HouseObjects,dustpan,0,0,1.25654033152387,3,1.00100226979703,5
15,18,2,5,HouseObjects,knife,1,0,1.37305507529527,209,2,old,2,HouseObjects,knife,1,1,1.42811801284552,5,0.465355943888426,5
15,19,1,2,Instruments,marimba,0,0,NaN,215,2,old,1,Instruments,marimba,1,1,1.08558646216989,3,0.593917810358107,4
15,20,4,5,HouseObjects,sponge,2,1,1.09044867381454,199,2,old,4,HouseObjects,sponge,1,1,0.910163913387805,6,2.41518985573202,5
15,21,3,4,FruitsAndVegs,cherrytomato,1,0,0.917583917267621,155,1,old,3,FruitsAndVegs,cherrytomato,0,0,1.59602754795924,4,0.876839806325734,6
15,22,3,6,Instruments,laud2,1,1,1.15194858843461,214,2,old,3,Instruments,laud2,1,1,1.03788098692894,3,1.06373794330284,4
15,23,1,1,HouseObjects,recyclingbin,1,0,1.09851301647723,286,2,old,1,HouseObjects,recyclingbin,1,1,0.916096388362348,5,0.738325802143663,5
15,24,2,4,Instruments,panflute2,1,1,0.804798579309136,188,1,old,2,Instruments,panflute2,0,0,1.49999791523442,3,2.7068801894784,5
15,25,4,6,FruitsAndVegs,lettuce2,3,1,1.12717472529039,365,2,old,4,FruitsAndVegs,lettuce2,0,0,1.18948383256793,4,0.422754185739905,6
15,26,1,2,Instruments,harmonica2,2,0,1.12958241719753,120,1,old,1,Instruments,harmonica2,1,1,0.984648113604635,5,1.70400423603132,4
15,27,4,6,FruitsAndVegs,casabamelon,1,0,1.4761778912507,74,1,old,4,FruitsAndVegs,casabamelon,1,1,0.866974264848977,6,0.976793204899877,6
15,28,4,5,HouseObjects,safetypin,2,1,1.34309474611655,187,1,old,4,HouseObjects,safetypin,1,1,1.0170087586157,6,0.803587516304106,5
15,29,4,6,FruitsAndVegs,cherrytomato2,3,1,1.14565850421786,232,2,old,4,FruitsAndVegs,cherrytomato2,1,1,1.10474216332659,5,1.16973318485543,6
15,30,4,6,FruitsAndVegs,cherrytomato2,3,1,0.923932053148746,232,2,old,4,FruitsAndVegs,cherrytomato2,1,1,1.10474216332659,5,1.16973318485543,6
15,31,3,6,HouseObjects,spraybottle2,3,0,0.759056269191206,7,1,old,3,HouseObjects,spraybottle2,1,1,1.9454627330415,5,4.13704187050462,5
15,32,1,3,HouseObjects,dishsoap2,1,0,1.73769268859178,69,1,old,1,HouseObjects,dishsoap2,1,1,1.74247792549431,5,1.12860837159678,5
15,33,2,6,FruitsAndVegs,iceberglettuce2,3,1,1.1400698479265,314,2,old,2,FruitsAndVegs,iceberglettuce2,0,0,1.35183101054281,4,0.293500833678991,6
15,34,1,3,Instruments,trumpet2,2,0,1.00736099015921,344,2,old,1,Instruments,trumpet2,1,1,1.70527335023507,4,0.677235775161535,4
15,35,4,5,HouseObjects,spraybottle,2,1,1.20208484958857,226,2,old,4,HouseObjects,spraybottle,1,1,0.985246909316629,6,2.43778053531423,5
15,36,4,4,Instruments,keyboard,1,1,0.916645472403616,84,1,old,4,Instruments,keyboard,1,1,0.809922823682427,5,0.75420913239941,4
15,37,4,5,HouseObjects,key,2,1,1.40708606364205,185,1,old,4,HouseObjects,key,1,1,1.0672171828337,6,6.79939985275269e-05,6
15,38,4,6,FruitsAndVegs,kiwi2,3,1,0.818175112362951,326,2,old,4,FruitsAndVegs,kiwi2,1,1,1.70558541733772,4,0.405156894121319,6
15,39,1,2,HouseObjects,ironingboard,2,1,0.924571581650525,31,1,old,1,HouseObjects,ironingboard,1,1,1.45178697444499,4,1.91744279768318,5
15,40,3,6,Instruments,electricdrumset,3,0,1.35994314122945,72,1,old,3,Instruments,electricdrumset,1,1,1.2098698397167,3,1.04787674359977,4
15,41,4,4,Instruments,laud,1,1,0.730117452796549,218,2,old,4,Instruments,laud,1,1,0.820628668181598,3,0.814838596154004,4
15,42,3,4,FruitsAndVegs,mango,1,0,0.972719339188188,105,1,old,3,FruitsAndVegs,mango,1,1,0.851644508074969,4,0.961706238333136,2
15,43,1,3,FruitsAndVegs,coffeebean,2,0,1.78373776376247,32,1,old,1,FruitsAndVegs,coffeebean,1,1,1.03083302592859,6,1.93879900174215,6
15,44,3,6,HouseObjects,dishsoap,3,0,1.16216404316947,37,1,old,3,HouseObjects,dishsoap,0,0,1.60093273641542,3,2.58726979466155,5
15,45,1,3,Instruments,pipepiano,2,0,1.31637760112062,368,2,old,1,Instruments,pipepiano,1,1,1.66374474298209,3,1.18685932923108,4
15,46,4,5,HouseObjects,towel,2,1,0.878658966161311,384,2,old,4,HouseObjects,towel,1,1,1.79098906554282,5,0.329833674244583,5
15,47,1,3,FruitsAndVegs,celery,2,0,1.23338100407273,45,1,old,1,FruitsAndVegs,celery,1,1,1.77624142775312,4,2.02710394049063,6
15,48,4,4,Instruments,trombone2,1,1,0.603471606038511,324,2,old,4,Instruments,trombone2,0,0,2.09279991826043,3,1.40783848753199,4
15,49,1,1,FruitsAndVegs,endive2,1,0,1.53388457652181,142,1,old,1,FruitsAndVegs,endive2,1,1,1.05126457568258,4,0.908735077828169,6
15,50,4,5,HouseObjects,sponge,2,1,1.18447793647647,199,2,old,4,HouseObjects,sponge,1,1,0.910163913387805,6,2.41518985573202,5
15,51,1,3,HouseObjects,flyswatter2,3,0,1.05891101248562,24,1,old,1,HouseObjects,flyswatter2,0,0,1.31083961995319,5,2.04995376709849,5
15,52,1,3,Instruments,harp2,3,0,0.853119849227369,149,1,old,1,Instruments,harp2,1,1,3.21924883965403,4,0.540044767316431,4
15,53,4,5,HouseObjects,doormat,2,1,0.839700338896364,9,1,old,4,HouseObjects,doormat,1,1,1.33111657993868,6,4.27513957209885,5
15,54,1,3,HouseObjects,saw,3,0,1.09875099547207,8,1,old,1,HouseObjects,saw,1,1,1.92572555504739,6,6.59730852860957,5
15,55,4,6,FruitsAndVegs,casabamelon,3,1,1.18119626445696,74,1,old,4,FruitsAndVegs,casabamelon,1,1,0.866974264848977,6,0.976793204899877,6
15,56,4,5,HouseObjects,spraybottle,2,1,0.879439613781869,226,2,old,4,HouseObjects,spraybottle,1,1,0.985246909316629,6,2.43778053531423,5
15,57,2,5,HouseObjects,pan,2,1,0.970030369702727,162,1,old,2,HouseObjects,pan,1,1,1.00583561556414,5,5.45263689942658,5
15,58,4,5,HouseObjects,garbagebin2,2,1,0.772454611957073,122,1,old,4,HouseObjects,garbagebin2,1,1,1.01396378315985,6,1.64190199691802,5
15,59,2,4,Instruments,oboe2,1,1,0.839380254037678,322,2,old,2,Instruments,oboe2,1,1,2.3507135999389,4,0.518698826432228,4
15,60,4,4,Instruments,trumpet,3,0,0.570593308657408,333,2,old,4,Instruments,trumpet,1,1,1.4419721076265,4,0.823379217181355,4
15,61,4,4,Instruments,drums,1,1,0.412894417066127,17,1,old,4,Instruments,drums,1,1,0.936085978057235,6,1.2557981708087,4
15,62,2,5,HouseObjects,glassmop2,2,1,1.09527303930372,169,1,old,2,HouseObjects,glassmop2,1,1,1.07984770601615,5,1.17863686801866,5
15,63,4,6,FruitsAndVegs,greenolive,3,1,1.1216999264434,259,2,old,4,FruitsAndVegs,greenolive,1,1,1.10196916339919,6,1.9566358756274,6
15,64,1,2,HouseObjects,key2,2,1,1.02811294561252,369,2,old,1,HouseObjects,key2,0,0,1.37087509827688,5,0.38495402270928,5
15,65,4,6,FruitsAndVegs,carrot,3,1,0.838382474612445,48,1,old,4,FruitsAndVegs,carrot,1,1,1.1054538548924,5,0.889894971624017,6
15,66,1,3,FruitsAndVegs,coconut2,2,0,0.945069842971861,58,1,old,1,FruitsAndVegs,coconut2,1,1,1.37407498480752,4,1.8531984272413,6
15,67,3,4,FruitsAndVegs,mango2,1,0,0.715333573054522,70,1,old,3,FruitsAndVegs,mango2,1,1,0.899371151812375,5,0.911952283699065,6
15,68,4,5,HouseObjects,towel,2,1,0.869973055552691,384,2,old,4,HouseObjects,towel,1,1,1.79098906554282,5,0.329833674244583,5
15,69,4,5,HouseObjects,spraybottle,2,1,0.824489251244813,226,2,old,4,HouseObjects,spraybottle,1,1,0.985246909316629,6,2.43778053531423,5
15,70,3,5,Instruments,violin2,2,0,0.715471485629678,260,2,old,3,Instruments,violin2,1,1,2.7168676070869,4,1.23721592873335,4
15,71,1,1,Instruments,record,2,0,1.36580922594294,79,1,old,1,Instruments,record,1,1,0.819741539657116,6,0.67929163062945,4
15,72,4,5,HouseObjects,doormat,2,1,0.728065446019173,9,1,old,4,HouseObjects,doormat,1,1,1.33111657993868,6,4.27513957209885,5
15,73,4,4,Instruments,flutetrans,1,1,0.770602737553418,25,1,old,4,Instruments,flutetrans,1,1,1.27836479619145,5,1.06974129891023,4
15,74,4,6,FruitsAndVegs,cherrytomato2,3,1,0.893059257883579,232,2,old,4,FruitsAndVegs,cherrytomato2,1,1,1.10474216332659,5,1.16973318485543,6
15,75,2,6,FruitsAndVegs,lettuce,3,1,0.935273257084191,296,2,old,2,FruitsAndVegs,lettuce,1,1,0.993979004211724,3,1.03683766396716,6
15,76,4,4,Instruments,drums,1,1,0.889807092491537,17,1,old,4,Instruments,drums,1,1,0.936085978057235,6,1.2557981708087,4
15,77,1,1,Instruments,triangle,2,0,1.16475903987885,198,2,old,1,Instruments,triangle,1,1,1.50158037897199,NaN,1.14805529173464,4
15,78,2,5,HouseObjects,doormat2,2,1,1.05520020890981,350,2,old,2,HouseObjects,doormat2,0,0,1.29294982599095,4,0.815489029046148,5
15,79,4,4,Instruments,musicstand2,1,1,0.737562152557075,229,2,old,4,Instruments,musicstand2,1,1,1.83254333073273,4,1.20369810331613,4
15,80,4,5,HouseObjects,thread,2,1,0.860027653165162,302,2,old,4,HouseObjects,thread,1,1,0.921725456602871,5,0.297410808503628,5
15,81,4,4,Instruments,trumpet,1,1,0.790550311561674,333,2,old,4,Instruments,trumpet,1,1,1.4419721076265,4,0.823379217181355,4
15,82,3,5,FruitsAndVegs,ginger,2,0,0.921525964513421,250,2,old,3,FruitsAndVegs,ginger,1,1,1.07301655597985,5,1.08521377854049,6
15,83,3,6,HouseObjects,rubbergloves,3,0,0.683899506460875,288,2,old,3,HouseObjects,rubbergloves,1,1,1.14577075839043,5,0.466161287389696,5
15,84,2,5,HouseObjects,knife2,2,1,0.870347985066473,264,2,old,2,HouseObjects,knife2,1,1,1.67864280194044,5,0.589976725168526,5
15,85,2,6,FruitsAndVegs,casabamelon2,3,1,0.672964662779123,35,1,old,2,FruitsAndVegs,casabamelon2,1,1,1.68434307072312,5,1.45750712929294,6
15,86,1,3,HouseObjects,recyclingbin2,1,0,1.20386680494994,156,1,old,1,HouseObjects,recyclingbin2,1,1,1.08231345005333,6,5.06746582686901e-05,6
15,87,4,5,HouseObjects,thread,2,1,1.13452096143737,302,2,old,4,HouseObjects,thread,1,1,0.921725456602871,5,0.297410808503628,5
15,88,4,5,HouseObjects,spraybottle,2,1,0.816838325001299,226,2,old,4,HouseObjects,spraybottle,1,1,0.985246909316629,6,2.43778053531423,5
15,89,3,4,FruitsAndVegs,kiwi,1,0,0.707101169507951,323,2,old,3,FruitsAndVegs,kiwi,0,0,1.43462170148268,3,6.38244673609734e-05,3
15,90,4,5,HouseObjects,key,2,1,0.950329754967242,185,1,old,4,HouseObjects,key,1,1,1.0672171828337,6,6.79939985275269e-05,6
15,91,3,5,Instruments,oboe,2,0,1.60862503666431,224,2,old,3,Instruments,oboe,1,1,1.24202650273219,6,1.83712522732094,4
15,92,3,5,FruitsAndVegs,mushroom,1,0,1.73172782035545,77,1,old,3,FruitsAndVegs,mushroom,1,1,0.778207479510456,6,0.450638774782419,6
15,93,4,6,FruitsAndVegs,greenolive,3,1,0.750157075934112,259,2,old,4,FruitsAndVegs,greenolive,1,1,1.10196916339919,6,1.9566358756274,6
15,94,4,4,Instruments,flutetrans2,1,1,0.832687657792121,52,1,old,4,Instruments,flutetrans2,1,1,1.2341651795432,4,1.29480811394751,4
15,95,1,2,Instruments,saxophone2,2,0,0.762930964119732,60,1,old,1,Instruments,saxophone2,1,1,0.998415612149984,4,0.863549227826297,4
15,96,3,4,HouseObjects,handbrush,1,0,0.701377808116376,51,1,old,3,HouseObjects,handbrush,0,0,NaN,NaN,1.13610631180927,3
15,97,1,3,HouseObjects,lintroller,2,1,1.08013764256611,303,2,old,1,HouseObjects,lintroller,1,1,1.66234990395606,4,0.656895952764899,5
15,98,4,4,Instruments,flutetrans2,1,1,0.786192282568663,52,1,old,4,Instruments,flutetrans2,1,1,1.2341651795432,4,1.29480811394751,4
15,99,1,2,FruitsAndVegs,cherry,2,0,0.772733643651009,337,2,old,1,FruitsAndVegs,cherry,1,1,1.14341053320095,6,0.605587758589536,6
15,100,4,5,HouseObjects,safetypin,2,1,0.823663701768965,187,1,old,4,HouseObjects,safetypin,1,1,1.0170087586157,6,0.803587516304106,5
15,101,4,6,FruitsAndVegs,casabamelon,3,1,0.682777925860137,74,1,old,4,FruitsAndVegs,casabamelon,1,1,0.866974264848977,6,0.976793204899877,6
15,102,4,6,FruitsAndVegs,lettuce2,3,1,0.717227141372859,365,2,old,4,FruitsAndVegs,lettuce2,0,0,1.18948383256793,4,0.422754185739905,6
15,103,4,4,Instruments,flutetrans,1,1,0.855566991027445,25,1,old,4,Instruments,flutetrans,1,1,1.27836479619145,5,1.06974129891023,4
15,104,4,4,Instruments,trombone2,1,1,1.15478926198557,324,2,old,4,Instruments,trombone2,0,0,2.09279991826043,3,1.40783848753199,4
15,105,4,4,Instruments,keyboard,1,1,0.74126429669559,84,1,old,4,Instruments,keyboard,1,1,0.809922823682427,5,0.75420913239941,4
15,106,4,5,HouseObjects,doormat,2,1,0.75169271370396,9,1,old,4,HouseObjects,doormat,1,1,1.33111657993868,6,4.27513957209885,5
15,107,1,1,HouseObjects,lintroller2,1,0,0.737934515811503,121,1,old,1,HouseObjects,lintroller2,0,0,1.69038010248914,3,1.97481207828969,5
15,108,1,2,FruitsAndVegs,pineapple,2,0,0.604383430909365,95,1,old,1,FruitsAndVegs,pineapple,1,1,0.976190880872309,5,1.04220758518204,6
15,109,1,1,HouseObjects,cushion2,1,0,0.942756443750113,291,2,old,1,HouseObjects,cushion2,1,1,1.28202396258712,4,0.902541852556169,5
15,110,2,4,Instruments,tuba,1,1,0.713344428222626,353,2,old,2,Instruments,tuba,0,0,2.68218297930434,4,0.273530809208751,4
15,111,4,6,FruitsAndVegs,cauliflower,3,1,0.70775673398748,164,1,old,4,FruitsAndVegs,cauliflower,1,1,1.09227617224678,5,1.08378237718716,6
15,112,4,5,HouseObjects,garbagebin2,2,1,0.694815427064896,122,1,old,4,HouseObjects,garbagebin2,1,1,1.01396378315985,6,1.64190199691802,5
15,113,3,4,HouseObjects,handvacuum2,1,0,0.665111999493092,50,1,old,3,HouseObjects,handvacuum2,1,1,1.59053992014378,4,1.56616632314399,5
15,114,4,6,FruitsAndVegs,cauliflower,3,1,0.667652472387999,164,1,old,4,FruitsAndVegs,cauliflower,1,1,1.09227617224678,5,1.08378237718716,6
15,115,4,6,FruitsAndVegs,cauliflower,3,1,0.661910509224981,164,1,old,4,FruitsAndVegs,cauliflower,1,1,1.09227617224678,5,1.08378237718716,6
15,116,2,6,FruitsAndVegs,onion,3,1,0.680453622713685,170,1,old,2,FruitsAndVegs,onion,1,1,2.6353425020352,5,0.985279623419046,6
15,117,4,6,FruitsAndVegs,cabbage,3,1,0.738728955388069,3,1,old,4,FruitsAndVegs,cabbage,1,1,1.79866565018892,6,9.77658684970811,6
15,118,4,4,Instruments,drums,1,1,0.853992225136608,17,1,old,4,Instruments,drums,1,1,0.936085978057235,6,1.2557981708087,4
15,119,4,4,Instruments,drums,1,1,0.816461471375078,17,1,old,4,Instruments,drums,1,1,0.936085978057235,6,1.2557981708087,4
15,120,4,4,Instruments,trumpet,1,1,0.602864150423557,333,2,old,4,Instruments,trumpet,1,1,1.4419721076265,4,0.823379217181355,4
15,121,1,2,HouseObjects,glass,2,1,0.845094634685665,10,1,old,1,HouseObjects,glass,1,1,1.46605480602011,4,21.7704612971283,5
15,122,3,6,Instruments,metronome2,3,0,0.863670462742448,118,1,old,3,Instruments,metronome2,1,1,0.86820681579411,4,0.932359458412975,4
15,123,2,6,FruitsAndVegs,grape,3,1,1.28202203847468,205,2,old,2,FruitsAndVegs,grape,1,1,1.93087000539526,3,2.4216082310304,6
15,124,1,3,FruitsAndVegs,cauliflower2,1,0,1.5323043577373,208,2,old,1,FruitsAndVegs,cauliflower2,0,0,3.04027937818319,3,2.45730635430664,6
15,125,2,4,Instruments,pipepiano2,1,1,0.67864280147478,378,2,old,2,Instruments,pipepiano2,1,1,1.40048006316647,5,0.582886107265949,4
15,126,4,6,FruitsAndVegs,kiwi2,3,1,0.80909246345982,326,2,old,4,FruitsAndVegs,kiwi2,1,1,1.70558541733772,4,0.405156894121319,6
15,127,3,4,FruitsAndVegs,cucumber2,1,0,0.715505161788315,373,2,old,3,FruitsAndVegs,cucumber2,0,0,1.60758941154927,4,0.887976065743715,6
15,128,2,6,FruitsAndVegs,corn2,3,1,0.589936954900622,26,1,old,2,FruitsAndVegs,corn2,1,1,1.03501016553491,5,1.71285371715203,6
15,129,2,5,HouseObjects,saw2,2,1,0.761005964595824,82,1,old,2,HouseObjects,saw2,1,1,0.934822636656463,6,1.18383488012478,5
15,130,2,6,FruitsAndVegs,greenolive2,3,1,0.651431738398969,124,1,old,2,FruitsAndVegs,greenolive2,1,1,0.997410455718637,6,2.41190433502197,6
15,131,1,1,Instruments,gong,1,1,1.19015799928457,117,1,old,1,Instruments,gong,1,1,1.22090442897752,5,0.478041311725974,4
15,132,4,4,Instruments,flutetrans,1,1,0.712932616006583,25,1,old,4,Instruments,flutetrans,1,1,1.27836479619145,5,1.06974129891023,4
15,133,2,4,Instruments,tambourine2,1,1,0.59553587436676,12,1,old,2,Instruments,tambourine2,1,1,3.52341767260805,4,1.05630703503266,4
15,134,4,5,HouseObjects,towel,2,1,0.645950525533408,384,2,old,4,HouseObjects,towel,1,1,1.79098906554282,5,0.329833674244583,5
15,135,1,2,FruitsAndVegs,peppergreen,2,0,0.736491889227182,295,2,old,1,FruitsAndVegs,peppergreen,1,1,1.0441996161826,4,1.7449776660651,6
15,136,4,6,FruitsAndVegs,cherrytomato2,3,1,0.650569626130164,232,2,old,4,FruitsAndVegs,cherrytomato2,1,1,1.10474216332659,5,1.16973318485543,6
15,137,1,2,HouseObjects,rug2,3,0,0.789096138905734,153,1,old,1,HouseObjects,rug2,0,0,1.89523795200512,3,1.67986701382324,5
15,138,1,1,HouseObjects,glass2,1,0,0.704070626292378,197,2,old,1,HouseObjects,glass2,0,0,2.90352231264114,4,5.36440476542339,2
15,139,4,5,HouseObjects,garbagebin2,2,1,0.690665549132973,122,1,old,4,HouseObjects,garbagebin2,1,1,1.01396378315985,6,1.64190199691802,5
15,140,4,6,FruitsAndVegs,cabbage,3,1,0.677945542149246,3,1,old,4,FruitsAndVegs,cabbage,1,1,1.79866565018892,6,9.77658684970811,6
15,141,1,1,Instruments,harp,1,1,1.19213656010106,73,1,old,1,Instruments,harp,1,1,0.734326024074107,4,0.786315120756626,4
15,142,4,4,Instruments,flutetrans2,1,1,0.754506445489824,52,1,old,4,Instruments,flutetrans2,1,1,1.2341651795432,4,1.29480811394751,4
15,143,1,1,FruitsAndVegs,onion2,2,0,0.821187052875757,128,1,old,1,FruitsAndVegs,onion2,1,1,1.44338554888964,5,1.4072165992111,6
15,144,4,6,FruitsAndVegs,lettuce2,1,0,1.38332601543516,365,2,old,4,FruitsAndVegs,lettuce2,0,0,1.18948383256793,4,0.422754185739905,6
15,145,1,1,Instruments,guitarcase2,2,0,1.08163383090869,367,2,old,1,Instruments,guitarcase2,1,1,1.6017877929844,5,0.899835242889822,4
15,146,4,4,Instruments,keyboard,1,1,0.62021159613505,84,1,old,4,Instruments,keyboard,1,1,0.809922823682427,5,0.75420913239941,4
15,147,3,5,FruitsAndVegs,cucumber,2,0,0.670423227362335,21,1,old,3,FruitsAndVegs,cucumber,0,0,1.90587002970278,3,2.90780625445768,6
15,148,4,4,Instruments,flutetrans2,1,1,0.66521912207827,52,1,old,4,Instruments,flutetrans2,1,1,1.2341651795432,4,1.29480811394751,4
15,149,1,3,Instruments,electricdrumset2,3,0,1.01937026670203,166,1,old,1,Instruments,electricdrumset2,0,0,NaN,4,0.34505855338648,4
15,150,4,6,FruitsAndVegs,greenolive,3,1,0.757817303296179,259,2,old,4,FruitsAndVegs,greenolive,1,1,1.10196916339919,6,1.9566358756274,6
15,151,3,6,Instruments,tambourine,3,0,0.848790685180575,28,1,old,3,Instruments,tambourine,0,0,NaN,NaN,0.476390212308615,5
15,152,4,6,FruitsAndVegs,cabbage,3,1,1.0433561061509,3,1,old,4,FruitsAndVegs,cabbage,1,1,1.79866565018892,6,9.77658684970811,6
15,153,1,2,FruitsAndVegs,cabbage2,2,0,1.46968863531947,330,2,old,1,FruitsAndVegs,cabbage2,0,0,0.689988495316356,4,0.403577958699316,6
15,154,2,5,HouseObjects,thread2,2,1,0.792131492868066,151,1,old,2,HouseObjects,thread2,0,0,2.33345691999421,3,1.55273173842579,5
15,155,4,6,FruitsAndVegs,cabbage,3,1,0.650445184204727,3,1,old,4,FruitsAndVegs,cabbage,1,1,1.79866565018892,6,9.77658684970811,6
15,156,1,1,HouseObjects,handbrush2,1,0,1.17283557029441,366,2,old,1,HouseObjects,handbrush2,0,0,1.38322434527799,3,1.63659365521744,5
15,157,4,5,HouseObjects,safetypin,2,1,1.10337298270315,187,1,old,4,HouseObjects,safetypin,1,1,1.0170087586157,6,0.803587516304106,5
15,158,2,4,Instruments,speaker2,1,1,0.689631206449121,19,1,old,2,Instruments,speaker2,0,0,1.58591280179098,3,2.51646849513054,4
15,159,4,4,Instruments,trumpet,3,0,0.788959188386798,333,2,old,4,Instruments,trumpet,1,1,1.4419721076265,4,0.823379217181355,4
15,160,4,6,FruitsAndVegs,cherrytomato2,3,1,0.640057820826769,232,2,old,4,FruitsAndVegs,cherrytomato2,1,1,1.10474216332659,5,1.16973318485543,6
15,161,4,4,Instruments,trombone2,1,1,0.570972085930407,324,2,old,4,Instruments,trombone2,0,0,2.09279991826043,3,1.40783848753199,4
15,162,1,1,Instruments,flute2,1,1,1.15751447342336,347,2,old,1,Instruments,flute2,0,0,1.19862966472283,4,0.71324500348419,4
15,163,4,6,FruitsAndVegs,cauliflower,3,1,0.656489272136241,164,1,old,4,FruitsAndVegs,cauliflower,1,1,1.09227617224678,5,1.08378237718716,6
15,164,1,1,HouseObjects,thermometer,2,1,1.24373661587015,98,1,old,1,HouseObjects,thermometer,1,1,0.950588580686599,6,1.39109015837312,5
15,165,1,2,HouseObjects,cushion,2,1,1.04612076701596,112,1,old,1,HouseObjects,cushion,1,1,0.970197147224098,4,1.78579426091164,5
15,166,1,1,FruitsAndVegs,coconut,1,0,0.776406601071358,292,2,old,1,FruitsAndVegs,coconut,1,1,1.54662446724251,5,3.00570443831384,6
15,167,4,6,FruitsAndVegs,carrot,3,1,0.618815153371543,48,1,old,4,FruitsAndVegs,carrot,1,1,1.1054538548924,5,0.889894971624017,6
15,168,4,5,HouseObjects,sponge,2,1,0.845420814119279,199,2,old,4,HouseObjects,sponge,1,1,0.910163913387805,6,2.41518985573202,5
15,169,3,5,FruitsAndVegs,lemon,2,0,0.663794134743512,104,1,old,3,FruitsAndVegs,lemon,1,1,1.2453989405185,4,9.6538569778204e-05,4
15,170,4,4,Instruments,laud,1,1,0.826054716482759,218,2,old,4,Instruments,laud,1,1,0.820628668181598,3,0.814838596154004,4
15,171,1,2,FruitsAndVegs,pear,2,0,0.796596323605627,225,2,old,1,FruitsAndVegs,pear,1,1,1.32214618520811,3,1.54359809402376,6
15,172,4,4,Instruments,flutetrans2,1,1,0.591004652902484,52,1,old,4,Instruments,flutetrans2,1,1,1.2341651795432,4,1.29480811394751,4
15,173,1,2,Instruments,guitarcase,2,0,0.841276067309082,125,1,old,1,Instruments,guitarcase,1,1,1.40110002737492,5,1.16207808861509,4
15,174,4,4,Instruments,laud,1,1,0.724384149070829,218,2,old,4,Instruments,laud,1,1,0.820628668181598,3,0.814838596154004,4
15,175,4,5,HouseObjects,spraybottle,2,1,0.727618353441358,226,2,old,4,HouseObjects,spraybottle,1,1,0.985246909316629,6,2.43778053531423,5
15,176,3,6,Instruments,harmonica,3,0,0.609866889193654,249,2,old,3,Instruments,harmonica,0,0,1.50759239401668,3,0.383291056379676,4
15,177,1,1,HouseObjects,flyswatter,1,0,0.844296668190509,2,1,old,1,HouseObjects,flyswatter,1,1,1.40340508706868,4,4.81127692991868,5
15,178,4,5,HouseObjects,sponge,2,1,0.614867333322763,199,2,old,4,HouseObjects,sponge,1,1,0.910163913387805,6,2.41518985573202,5
15,179,2,4,Instruments,maraca2,1,1,0.769408032298088,165,1,old,2,Instruments,maraca2,1,1,1.23985101608559,5,1.62248747004196,4
15,180,3,4,HouseObjects,pitcher,1,0,0.61966187087819,256,2,old,3,HouseObjects,pitcher,0,0,1.17273999378085,4,0.920497395098209,5
15,181,1,1,FruitsAndVegs,ginger2,1,0,0.789913349319249,178,1,old,1,FruitsAndVegs,ginger2,1,1,1.3932217056863,5,0.467754335142672,6
15,182,1,3,Instruments,musicsheet,2,0,0.857018598355353,319,2,old,1,Instruments,musicsheet,0,0,1.1537558818236,4,0.449323154985905,4
15,183,1,2,HouseObjects,scale,2,1,0.82022294960916,310,2,old,1,HouseObjects,scale,1,1,1.67172056529671,5,0.41448489902541,5
15,184,4,5,HouseObjects,sponge,2,1,0.686667374335229,199,2,old,4,HouseObjects,sponge,1,1,0.910163913387805,6,2.41518985573202,5
15,185,3,6,Instruments,marimba2,3,0,0.68092156201601,195,2,old,3,Instruments,marimba2,0,0,2.7188224340789,4,1.55725943204015,4
15,186,2,5,HouseObjects,scale2,2,1,0.659544190391898,1,1,old,2,HouseObjects,scale2,1,1,1.39882639842108,NaN,12.2914003971964,2
15,187,3,6,Instruments,trombone,3,0,0.797788784373552,109,1,old,3,Instruments,trombone,1,1,1.1183050381951,4,0.632693623192608,4
15,188,3,4,FruitsAndVegs,brusselssprout,1,0,0.496278451755643,80,1,old,3,FruitsAndVegs,brusselssprout,1,1,0.740868199616671,4,0.932686919812113,6
15,189,4,4,Instruments,laud,1,1,0.786561759188771,218,2,old,4,Instruments,laud,1,1,0.820628668181598,3,0.814838596154004,4
15,190,4,4,Instruments,musicstand2,1,1,0.701070552226156,229,2,old,4,Instruments,musicstand2,1,1,1.83254333073273,4,1.20369810331613,4
15,191,4,4,Instruments,flutetrans,1,1,0.615343932528049,25,1,old,4,Instruments,flutetrans,1,1,1.27836479619145,5,1.06974129891023,4
15,192,3,4,FruitsAndVegs,corn,1,0,0.641883074305952,173,1,old,3,FruitsAndVegs,corn,1,1,1.18788950191811,5,9.17278230190277e-05,5
15,193,1,3,Instruments,saxophone,2,0,1.30036630155519,338,2,old,1,Instruments,saxophone,1,1,2.26219666143879,3,0.481180901639163,4
15,194,1,2,Instruments,flute,2,0,0.550727198831737,255,2,old,1,Instruments,flute,1,1,2.33643037360162,4,0.49512415798381,4
15,195,2,6,FruitsAndVegs,eggplant2,3,1,0.625052960123867,265,2,old,2,FruitsAndVegs,eggplant2,1,1,1.2554626907222,3,1.80604652548209,6
15,196,2,5,HouseObjects,safetypin2,2,1,0.763418146874756,358,2,old,2,HouseObjects,safetypin2,0,0,1.41771365096793,5,0.29545149160549,5
15,197,1,1,Instruments,metronome,1,1,0.86193340877071,179,1,old,1,Instruments,metronome,1,1,1.00187849439681,4,0.900113312993199,4
15,198,2,6,FruitsAndVegs,lemon2,3,1,0.608246258925647,29,1,old,2,FruitsAndVegs,lemon2,1,1,1.52254690090194,5,1.94210536964238,6
15,199,3,6,Instruments,timbal2,3,0,0.546873351093382,83,1,old,3,Instruments,timbal2,1,1,0.879760982003063,6,1.21073676319793,4
15,200,4,6,FruitsAndVegs,carrot,3,1,1.10923457657918,48,1,old,4,FruitsAndVegs,carrot,1,1,1.1054538548924,5,0.889894971624017,6
15,201,4,6,FruitsAndVegs,kiwi2,1,0,0.775457893032581,326,2,old,4,FruitsAndVegs,kiwi2,1,1,1.70558541733772,4,0.405156894121319,6
15,202,4,6,FruitsAndVegs,carrot,3,1,0.409869967959821,48,1,old,4,FruitsAndVegs,carrot,1,1,1.1054538548924,5,0.889894971624017,6
15,203,2,6,FruitsAndVegs,brusselssprout2,3,1,0.428484924137592,59,1,old,2,FruitsAndVegs,brusselssprout2,0,0,1.2490619556047,5,3.58699044212699,6
15,204,1,2,Instruments,hihat,2,0,0.814689458347857,130,1,old,1,Instruments,hihat,0,0,1.80022887000814,3,1.81005881167948,4
15,205,3,6,HouseObjects,ironingboard2,3,0,0.657295898534358,23,1,old,3,HouseObjects,ironingboard2,1,1,1.15724089415744,6,7.76136581925675,4
15,206,4,5,HouseObjects,spraybottle,2,1,0.772302587516606,226,2,old,4,HouseObjects,spraybottle,1,1,0.985246909316629,6,2.43778053531423,5
15,207,4,6,FruitsAndVegs,carrot,0,0,NaN,48,1,old,4,FruitsAndVegs,carrot,1,1,1.1054538548924,5,0.889894971624017,6
15,208,4,5,HouseObjects,towel,3,0,1.2178446999751,384,2,old,4,HouseObjects,towel,1,1,1.79098906554282,5,0.329833674244583,5
15,209,2,6,FruitsAndVegs,broccoli,3,1,0.724130454938859,89,1,old,2,FruitsAndVegs,broccoli,1,1,1.22247213963419,4,1.68574272049591,6
15,210,2,4,Instruments,violin,1,1,0.639256325550377,93,1,old,2,Instruments,violin,1,1,1.00840014358982,4,0.720917097758502,4
15,211,3,5,Instruments,maraca,2,0,0.617657652124763,235,2,old,3,Instruments,maraca,1,1,1.1541895037517,5,0.919479089323431,4
15,212,4,5,HouseObjects,key,2,1,0.700230890884995,185,1,old,4,HouseObjects,key,1,1,1.0672171828337,6,6.79939985275269e-05,6
15,213,4,4,Instruments,laud,1,1,0.814465912058949,218,2,old,4,Instruments,laud,1,1,0.820628668181598,3,0.814838596154004,4
15,214,4,6,FruitsAndVegs,kiwi2,3,1,0.785022913943976,326,2,old,4,FruitsAndVegs,kiwi2,1,1,1.70558541733772,4,0.405156894121319,6
15,215,4,6,FruitsAndVegs,cauliflower,3,1,0.619270264171064,164,1,old,4,FruitsAndVegs,cauliflower,1,1,1.09227617224678,5,1.08378237718716,6
15,216,1,2,FruitsAndVegs,orange,2,0,0.645818065386266,138,1,old,1,FruitsAndVegs,orange,1,1,1.56772954296321,5,1.4624601053074,2
15,217,1,1,FruitsAndVegs,iceberglettuce,1,0,0.720245817676187,289,2,old,1,FruitsAndVegs,iceberglettuce,1,1,2.04016968980432,4,0.960798903834075,6
15,218,4,5,HouseObjects,sponge,2,1,0.586826229933649,199,2,old,4,HouseObjects,sponge,1,1,0.910163913387805,6,2.41518985573202,5
15,219,4,6,FruitsAndVegs,cabbage,3,1,0.57303884672001,3,1,old,4,FruitsAndVegs,cabbage,1,1,1.79866565018892,6,9.77658684970811,6
15,220,1,2,HouseObjects,towel2,2,1,0.584177992772311,352,2,old,1,HouseObjects,towel2,0,0,1.50136485090479,4,0.484815692994744,5
15,221,4,4,Instruments,keyboard,1,1,0.634550949558616,84,1,old,4,Instruments,keyboard,1,1,0.809922823682427,5,0.75420913239941,4
15,222,4,6,FruitsAndVegs,lettuce2,3,1,0.516862026415765,365,2,old,4,FruitsAndVegs,lettuce2,0,0,1.18948383256793,4,0.422754185739905,6
15,223,4,5,HouseObjects,doormat,2,1,0.60745759261772,9,1,old,4,HouseObjects,doormat,1,1,1.33111657993868,6,4.27513957209885,5
15,224,2,5,HouseObjects,iron,2,1,0.658483548089862,54,1,old,2,HouseObjects,iron,1,1,1.24521195702255,5,0.70009875157848,5
15,225,2,4,Instruments,drums2,1,1,0.596917242743075,318,2,old,2,Instruments,drums2,1,1,1.38523850636557,3,0.367392652202398,4
15,226,2,4,Instruments,record2,1,1,0.503371955826879,30,1,old,2,Instruments,record2,1,1,1.03873572265729,6,1.46280360314995,4
15,227,4,4,Instruments,trombone2,1,1,0.465582055971026,324,2,old,4,Instruments,trombone2,0,0,2.09279991826043,3,1.40783848753199,4
15,228,2,6,FruitsAndVegs,pineapple2,3,1,0.691989507060498,351,2,old,2,FruitsAndVegs,pineapple2,0,0,1.75886928569525,3,0.629589313175529,6
15,229,4,6,FruitsAndVegs,casabamelon,3,1,0.390393861569464,74,1,old,4,FruitsAndVegs,casabamelon,1,1,0.866974264848977,6,0.976793204899877,6
15,230,1,3,HouseObjects,match2,1,0,1.21748388279229,238,2,old,1,HouseObjects,match2,1,1,1.28738426184282,4,2.80992891732603,5
15,231,4,6,FruitsAndVegs,carrot,3,1,0.627910310402513,48,1,old,4,FruitsAndVegs,carrot,1,1,1.1054538548924,5,0.889894971624017,6
15,232,2,4,Instruments,musicsheet2,1,1,0.558302754536271,294,2,old,2,Instruments,musicsheet2,0,0,1.64644027454779,3,9.87839885056019e-05,3
15,233,3,4,HouseObjects,dustpan2,1,0,0.632901133503765,372,2,old,3,HouseObjects,dustpan2,0,0,1.44074597069994,4,0.482392284553498,5
15,234,2,5,HouseObjects,vacuumcleaner2,2,1,1.37111564353108,227,2,old,2,HouseObjects,vacuumcleaner2,0,0,2.185203098692,3,1.28632041299716,5
15,235,2,5,HouseObjects,teapot2,2,1,0.517704895231873,159,1,old,2,HouseObjects,teapot2,1,1,1.11721136141568,5,1.31547379447147,5
15,236,1,1,FruitsAndVegs,peanut2,1,0,1.14405487244949,111,1,old,1,FruitsAndVegs,peanut2,0,0,0.984301729127765,3,1.00249140243977,6
15,237,4,5,HouseObjects,doormat,2,1,0.762328319251537,9,1,old,4,HouseObjects,doormat,1,1,1.33111657993868,6,4.27513957209885,5
15,238,4,4,Instruments,musicstand2,1,1,0.660742744337767,229,2,old,4,Instruments,musicstand2,1,1,1.83254333073273,4,1.20369810331613,4
15,239,1,2,FruitsAndVegs,cherry2,2,0,0.751304955221713,148,1,old,1,FruitsAndVegs,cherry2,1,1,1.82168899010867,5,0.836712131742388,6
15,240,4,5,HouseObjects,towel,1,0,1.153783143498,384,2,old,4,HouseObjects,towel,1,1,1.79098906554282,5,0.329833674244583,5
15,241,3,5,FruitsAndVegs,garlic,2,0,0.428197232540697,301,2,old,3,FruitsAndVegs,garlic,0,0,1.09579133288935,4,1.67015413800254,6
15,242,1,1,FruitsAndVegs,mushroom2,1,0,0.998494831379503,14,1,old,1,FruitsAndVegs,mushroom2,1,1,1.42990574194118,5,1.73897944251075,6
15,243,4,4,Instruments,flutetrans,1,1,0.544823268428445,25,1,old,4,Instruments,flutetrans,1,1,1.27836479619145,5,1.06974129891023,4
15,244,4,5,HouseObjects,doormat,2,1,0.611195978708565,9,1,old,4,HouseObjects,doormat,1,1,1.33111657993868,6,4.27513957209885,5
15,245,3,5,FruitsAndVegs,orange2,2,0,0.5898073813878,268,2,old,3,FruitsAndVegs,orange2,1,1,1.14320911699906,5,2.49666396481916,6
15,246,2,6,FruitsAndVegs,pear2,3,1,0.617071044165641,321,2,old,2,FruitsAndVegs,pear2,0,0,1.69676672574133,4,1.49910693755373,6
15,247,3,4,HouseObjects,glassmop,1,0,0.603441778570414,375,2,old,3,HouseObjects,glassmop,1,1,2.32498012296855,4,0.565468422137201,5
15,248,4,5,HouseObjects,thread,2,1,0.677720392588526,302,2,old,4,HouseObjects,thread,1,1,0.921725456602871,5,0.297410808503628,5
15,249,4,5,HouseObjects,key,2,1,0.488118853420019,185,1,old,4,HouseObjects,key,1,1,1.0672171828337,6,6.79939985275269e-05,6
15,250,2,5,HouseObjects,wateringcan2,2,1,0.475285310298204,278,2,old,2,HouseObjects,wateringcan2,1,1,2.22672176314518,4,0.966641575098038,5
15,251,4,5,HouseObjects,safetypin,2,1,0.461599597241729,187,1,old,4,HouseObjects,safetypin,1,1,1.0170087586157,6,0.803587516304106,5
15,252,4,6,FruitsAndVegs,lettuce2,3,1,0.575991773977876,365,2,old,4,FruitsAndVegs,lettuce2,0,0,1.18948383256793,4,0.422754185739905,6
15,253,4,5,HouseObjects,towel,2,1,0.682437635492533,384,2,old,4,HouseObjects,towel,1,1,1.79098906554282,5,0.329833674244583,5
15,254,2,6,FruitsAndVegs,endive,2,0,1.22882123757154,267,2,old,2,FruitsAndVegs,endive,1,1,2.32603595405817,4,1.13309950241819,6
15,255,4,4,Instruments,keyboard,1,1,0.807069000788033,84,1,old,4,Instruments,keyboard,1,1,0.809922823682427,5,0.75420913239941,4
15,256,1,3,FruitsAndVegs,celery2,1,0,0.898331998381764,204,2,old,1,FruitsAndVegs,celery2,1,1,2.24589831102639,3,2.67302239313722,6
15,257,1,2,Instruments,electricguitar,2,0,0.708589660469443,150,1,old,1,Instruments,electricguitar,1,1,0.767493295948952,3,0.588057178072631,4
15,258,4,5,HouseObjects,key,2,1,0.623344771564007,185,1,old,4,HouseObjects,key,1,1,1.0672171828337,6,6.79939985275269e-05,6
15,259,3,4,FruitsAndVegs,grape2,1,0,0.610138865187764,336,2,old,3,FruitsAndVegs,grape2,0,0,1.26992007205263,4,1.30817534634843,6
15,260,4,5,HouseObjects,garbagebin2,2,1,0.532490699552,122,1,old,4,HouseObjects,garbagebin2,1,1,1.01396378315985,6,1.64190199691802,5
15,261,4,5,HouseObjects,garbagebin2,2,1,0.599119349848479,122,1,old,4,HouseObjects,garbagebin2,1,1,1.01396378315985,6,1.64190199691802,5
15,262,4,6,FruitsAndVegs,kiwi2,3,1,0.609673490747809,326,2,old,4,FruitsAndVegs,kiwi2,1,1,1.70558541733772,4,0.405156894121319,6
15,263,3,5,Instruments,grandpiano,2,0,0.571856328751892,383,2,old,3,Instruments,grandpiano,1,1,1.1185337160714,4,0.26391831971705,4
15,264,4,4,Instruments,musicstand2,1,1,0.574791295453906,229,2,old,4,Instruments,musicstand2,1,1,1.83254333073273,4,1.20369810331613,4
15,265,1,3,FruitsAndVegs,eggplant,2,0,0.841367153916508,202,2,old,1,FruitsAndVegs,eggplant,1,1,1.78242406854406,5,1.51512625534087,6
15,266,4,4,Instruments,trombone2,1,1,0.596481375396252,324,2,old,4,Instruments,trombone2,0,0,2.09279991826043,3,1.40783848753199,4
15,267,3,5,FruitsAndVegs,peanut,2,0,0.638849323615432,300,2,old,3,FruitsAndVegs,peanut,1,1,0.943102828226984,5,1.05801009200513,6
15,268,4,6,FruitsAndVegs,cherrytomato2,3,1,0.618023600894958,232,2,old,4,FruitsAndVegs,cherrytomato2,1,1,1.10474216332659,5,1.16973318485543,6
15,269,4,4,Instruments,flutetrans2,1,1,0.476286938413978,52,1,old,4,Instruments,flutetrans2,1,1,1.2341651795432,4,1.29480811394751,4
15,270,2,6,FruitsAndVegs,peppergreen2,3,1,0.614821790251881,176,1,old,2,FruitsAndVegs,peppergreen2,1,1,1.03058414207771,4,1.5078095253557,6
15,271,3,6,HouseObjects,vacuumcleaner,3,0,0.465095193125308,343,2,old,3,HouseObjects,vacuumcleaner,1,1,1.96846105577424,3,0.909507066011429,5
15,272,4,4,Instruments,trombone2,1,1,0.563502370379865,324,2,old,4,Instruments,trombone2,0,0,2.09279991826043,3,1.40783848753199,4
15,273,4,5,HouseObjects,garbagebin2,2,1,0.485933424439281,122,1,old,4,HouseObjects,garbagebin2,1,1,1.01396378315985,6,1.64190199691802,5
15,274,4,6,FruitsAndVegs,casabamelon,3,1,0.504488725215197,74,1,old,4,FruitsAndVegs,casabamelon,1,1,0.866974264848977,6,0.976793204899877,6
15,275,1,1,Instruments,gong2,1,1,0.834741909988225,234,2,old,1,Instruments,gong2,1,1,1.15923901926726,5,1.21085607353598,4
15,276,1,3,HouseObjects,garbagebin,2,1,0.741428188048303,313,2,old,1,HouseObjects,garbagebin,0,0,2.50868927780539,5,0.065001925919205,5
15,277,4,6,FruitsAndVegs,casabamelon,3,1,0.648412420880049,74,1,old,4,FruitsAndVegs,casabamelon,1,1,0.866974264848977,6,0.976793204899877,6
15,278,3,6,HouseObjects,thermometer2,3,0,0.602675563190132,186,1,old,3,HouseObjects,thermometer2,1,1,1.91763459192589,6,0.984444131609052,5
15,279,2,4,Instruments,keyboard2,1,1,0.637255634646863,355,2,old,2,Instruments,keyboard2,0,0,1.26864101504907,5,0.150619819760323,4
15,280,4,5,HouseObjects,safetypin,2,1,0.599663301371038,187,1,old,4,HouseObjects,safetypin,1,1,1.0170087586157,6,0.803587516304106,5
15,281,2,4,Instruments,timbal,1,1,0.578195805195719,220,2,old,2,Instruments,timbal,1,1,2.71299804374576,4,1.94566030008718,1
15,282,3,5,Instruments,electricguitar2,2,0,0.580467189196497,275,2,old,3,Instruments,electricguitar2,1,1,2.0320328627713,3,1.02972138812765,4
15,283,4,4,Instruments,musicstand2,1,1,0.430718783289194,229,2,old,4,Instruments,musicstand2,1,1,1.83254333073273,4,1.20369810331613,4
15,284,4,4,Instruments,flutetrans,1,1,0.601662709377706,25,1,old,4,Instruments,flutetrans,1,1,1.27836479619145,5,1.06974129891023,4
15,285,4,5,HouseObjects,safetypin,2,1,0.595532025676221,187,1,old,4,HouseObjects,safetypin,1,1,1.0170087586157,6,0.803587516304106,5
15,286,4,5,HouseObjects,thread,2,1,0.526055647060275,302,2,old,4,HouseObjects,thread,1,1,0.921725456602871,5,0.297410808503628,5
15,287,1,3,Instruments,musicstand,3,0,0.760465540923178,334,2,old,1,Instruments,musicstand,0,0,1.1186244818382,4,0.376329691614956,4
15,288,3,4,HouseObjects,pan2,1,0,0.578756434842944,203,2,old,3,HouseObjects,pan2,1,1,1.27772013610229,5,1.45659883227199,5
15,289,4,4,Instruments,drums,1,1,0.629274680279195,17,1,old,4,Instruments,drums,1,1,0.936085978057235,6,1.2557981708087,4
15,290,3,5,FruitsAndVegs,leek2,2,0,0.615532198920846,382,2,old,3,FruitsAndVegs,leek2,0,0,0.798741662409157,4,0.956767373718321,6
15,291,1,2,HouseObjects,match,3,0,0.986368169076741,183,1,old,1,HouseObjects,match,1,1,0.932231809478253,5,1.15619051503018,5
15,292,4,6,FruitsAndVegs,lettuce2,3,1,0.564352615736425,365,2,old,4,FruitsAndVegs,lettuce2,0,0,1.18948383256793,4,0.422754185739905,6
15,293,2,4,Instruments,frenchhorn,1,1,0.590902341064066,341,2,old,2,Instruments,frenchhorn,1,1,1.94540756754577,4,0.455024707131088,4
15,294,4,6,FruitsAndVegs,cabbage,3,1,0.553868071641773,3,1,old,4,FruitsAndVegs,cabbage,1,1,1.79866565018892,6,9.77658684970811,6
15,295,4,6,FruitsAndVegs,greenolive,3,1,0.476469752378762,259,2,old,4,FruitsAndVegs,greenolive,1,1,1.10196916339919,6,1.9566358756274,6
15,296,4,6,FruitsAndVegs,greenolive,3,1,0.430831357836723,259,2,old,4,FruitsAndVegs,greenolive,1,1,1.10196916339919,6,1.9566358756274,6
15,297,3,5,Instruments,panflute,2,0,0.601318249478936,168,1,old,3,Instruments,panflute,1,1,1.13951467070729,4,0.407192865386605,4
15,298,2,5,HouseObjects,teapot,2,1,0.691693476866931,219,2,old,2,HouseObjects,teapot,1,1,1.55093406746164,3,2.67912902263924,5
15,299,4,5,HouseObjects,thread,2,1,0.79788820957765,302,2,old,4,HouseObjects,thread,1,1,0.921725456602871,5,0.297410808503628,5
15,300,3,6,HouseObjects,wateringcan,3,0,0.560322688892484,174,1,old,3,HouseObjects,wateringcan,1,1,0.954730440862477,5,1.73133332654834,5
15,301,3,4,HouseObjects,rug,1,0,0.906875185668468,245,2,old,3,HouseObjects,rug,1,1,3.72586013190448,5,0.95275572873652,5
15,302,2,5,HouseObjects,sponge2,2,1,1.00616500154138,15,1,old,2,HouseObjects,sponge2,1,1,1.37188378255814,4,2.30589017132297,5
15,303,2,5,HouseObjects,rubbergloves2,2,1,0.536945588421077,276,2,old,2,HouseObjects,rubbergloves2,1,1,0.972989069763571,6,1.28003417653963,5
15,304,1,3,FruitsAndVegs,coffeebean2,3,1,0.907380009070039,66,1,old,1,FruitsAndVegs,coffeebean2,1,1,1.03579402063042,6,1.30177878029644,6
15,305,1,2,Instruments,tuba2,2,0,0.734459125436842,290,2,old,1,Instruments,tuba2,0,0,1.37066726805642,4,0.484419916756451,4
15,306,4,4,Instruments,musicstand2,1,1,0.569218033924699,229,2,old,4,Instruments,musicstand2,1,1,1.83254333073273,4,1.20369810331613,4
15,307,1,3,Instruments,speaker,1,1,0.66745298076421,100,1,old,1,Instruments,speaker,1,1,0.90016559092328,6,1.17412873869762,4
15,308,4,6,FruitsAndVegs,cauliflower,3,1,0.54167084954679,164,1,old,4,FruitsAndVegs,cauliflower,1,1,1.09227617224678,5,1.08378237718716,6
15,309,1,3,FruitsAndVegs,broccoli2,1,0,0.92824999243021,284,2,old,1,FruitsAndVegs,broccoli2,1,1,1.35912945913151,4,1.04453958617523,6
15,310,2,6,FruitsAndVegs,carrot2,3,1,0.610672232694924,359,2,old,2,FruitsAndVegs,carrot2,1,1,2.04535070294514,3,0.675921117886901,6
15,311,2,4,Instruments,triangle2,1,1,0.637032088357955,114,1,old,2,Instruments,triangle2,1,1,1.58620081376284,4,0.400527209974825,4
15,312,4,4,Instruments,trumpet,1,1,0.51145554240793,333,2,old,4,Instruments,trumpet,1,1,1.4419721076265,4,0.823379217181355,4
15,NaN,NaN,NaN,NaN,NaN,NaN,NaN,NaN,4,1,new,5,FruitsAndVegs,almond3,1,0,3.24116631457582,NaN,4.38303287187591,6
15,NaN,NaN,NaN,NaN,NaN,NaN,NaN,NaN,5,1,new,5,FruitsAndVegs,apple3,0,0,NaN,1,5.36154067935422,6
15,NaN,NaN,NaN,NaN,NaN,NaN,NaN,NaN,6,1,new,5,Instruments,accordion3,1,0,1.89881052216515,5,1.56956730503589,4
15,NaN,NaN,NaN,NaN,NaN,NaN,NaN,NaN,13,1,new,5,Instruments,acousticguitar3,1,0,1.38209667149931,4,0.563496917951852,4
15,NaN,NaN,NaN,NaN,NaN,NaN,NaN,NaN,16,1,new,5,FruitsAndVegs,apricot3,1,0,1.55501787597314,4,1.21770422160625,6
15,NaN,NaN,NaN,NaN,NaN,NaN,NaN,NaN,18,1,new,5,FruitsAndVegs,artichoke3,0,0,2.56502229208127,NaN,7.43945825472474,6
15,NaN,NaN,NaN,NaN,NaN,NaN,NaN,NaN,20,1,new,5,HouseObjects,ashtray3,0,0,1.41337294084951,6,6.17868016660213,5
15,NaN,NaN,NaN,NaN,NaN,NaN,NaN,NaN,22,1,new,5,HouseObjects,ballofstring3,0,0,1.3077378757298,4,3.61848705075681,5
15,NaN,NaN,NaN,NaN,NaN,NaN,NaN,NaN,27,1,new,5,FruitsAndVegs,arugula3,0,0,1.51501881238073,3,2.09691740339622,6
15,NaN,NaN,NaN,NaN,NaN,NaN,NaN,NaN,33,1,new,5,Instruments,balalaika3,1,0,1.0912306047976,5,0.887701204046607,4
15,NaN,NaN,NaN,NaN,NaN,NaN,NaN,NaN,34,1,new,5,HouseObjects,barbecuelighter3,0,0,1.36431624507532,3,3.17559542041272,5
15,NaN,NaN,NaN,NaN,NaN,NaN,NaN,NaN,36,1,new,5,Instruments,banjo3,1,0,0.902472575195134,4,1.10141334449872,4
15,NaN,NaN,NaN,NaN,NaN,NaN,NaN,NaN,38,1,new,5,HouseObjects,basket3,0,0,1.28844522451982,4,4.24170192796737,5
15,NaN,NaN,NaN,NaN,NaN,NaN,NaN,NaN,39,1,new,5,Instruments,bassdrum3,0,0,0.985902153421193,4,2.12107932101935,4
15,NaN,NaN,NaN,NaN,NaN,NaN,NaN,NaN,40,1,new,5,HouseObjects,bleachbottle3,0,0,2.41008004359901,4,3.36092520598322,5
15,NaN,NaN,NaN,NaN,NaN,NaN,NaN,NaN,41,1,new,5,HouseObjects,bottle3,0,0,1.55003763688728,5,8.76043892046437,3
15,NaN,NaN,NaN,NaN,NaN,NaN,NaN,NaN,42,1,new,5,HouseObjects,broom3,0,0,2.09196763392538,4,1.54702152684331,5
15,NaN,NaN,NaN,NaN,NaN,NaN,NaN,NaN,43,1,new,5,HouseObjects,bucket3,0,0,1.18853736901656,5,1.28651124471799,5
15,NaN,NaN,NaN,NaN,NaN,NaN,NaN,NaN,44,1,new,5,HouseObjects,clock3,0,0,1.32262791600078,5,3.2881293091923,5
15,NaN,NaN,NaN,NaN,NaN,NaN,NaN,NaN,46,1,new,5,HouseObjects,clothesdryingrack3,0,0,1.17621538415551,6,5.16022493178025,5
15,NaN,NaN,NaN,NaN,NaN,NaN,NaN,NaN,47,1,new,5,FruitsAndVegs,asparagus3,1,0,1.79385090665892,3,1.45252079656348,6
15,NaN,NaN,NaN,NaN,NaN,NaN,NaN,NaN,49,1,new,5,FruitsAndVegs,avocado3,0,0,1.23020453052595,5,0.965423777233809,6
15,NaN,NaN,NaN,NaN,NaN,NaN,NaN,NaN,53,1,new,5,HouseObjects,clothespin3,0,0,1.14664922747761,5,2.24920083023608,5
15,NaN,NaN,NaN,NaN,NaN,NaN,NaN,NaN,55,1,new,5,FruitsAndVegs,banana3,0,0,1.30424259975553,4,1.57120172632858,6
15,NaN,NaN,NaN,NaN,NaN,NaN,NaN,NaN,56,1,new,5,HouseObjects,coffee3,0,0,1.15505386143923,5,3.80429343506694,5
15,NaN,NaN,NaN,NaN,NaN,NaN,NaN,NaN,57,1,new,5,FruitsAndVegs,beansprouts3,0,0,1.43063731864095,5,2.36684517236426,6
15,NaN,NaN,NaN,NaN,NaN,NaN,NaN,NaN,61,1,new,5,Instruments,bassguitar3,1,0,0.757602096069604,4,0.453374891076237,4
15,NaN,NaN,NaN,NaN,NaN,NaN,NaN,NaN,62,1,new,5,HouseObjects,cushion3,0,0,1.61217932589352,3,2.08187437569723,5
15,NaN,NaN,NaN,NaN,NaN,NaN,NaN,NaN,63,1,new,5,HouseObjects,dishsoap3,0,0,1.65281438920647,3,9.78219322860241e-05,3
15,NaN,NaN,NaN,NaN,NaN,NaN,NaN,NaN,64,1,new,5,Instruments,cello3,1,0,1.19345538690686,5,1.25399857526645,4
15,NaN,NaN,NaN,NaN,NaN,NaN,NaN,NaN,65,1,new,5,HouseObjects,doormat3,0,0,1.38735241396353,5,1.07078590476885,5
15,NaN,NaN,NaN,NaN,NaN,NaN,NaN,NaN,67,1,new,5,HouseObjects,dustpan3,1,0,1.20873607229441,4,0.562853861134499,5
15,NaN,NaN,NaN,NaN,NaN,NaN,NaN,NaN,68,1,new,5,FruitsAndVegs,blackberry3,1,0,1.26139259990305,5,0.998148126062006,6
15,NaN,NaN,NaN,NaN,NaN,NaN,NaN,NaN,71,1,new,5,Instruments,chime3,0,0,0.939760539215058,5,1.578068156261,5
15,NaN,NaN,NaN,NaN,NaN,NaN,NaN,NaN,75,1,new,5,FruitsAndVegs,blackolive3,1,0,1.47401234740391,5,1.34719138359651,6
15,NaN,NaN,NaN,NaN,NaN,NaN,NaN,NaN,76,1,new,5,Instruments,clarinet3,1,0,0.684743978548795,4,0.902177507057786,4
15,NaN,NaN,NaN,NaN,NaN,NaN,NaN,NaN,78,1,new,5,Instruments,cornet3,1,0,1.17755730357021,3,0.895471119321883,4
15,NaN,NaN,NaN,NaN,NaN,NaN,NaN,NaN,81,1,new,5,FruitsAndVegs,blueberry3,1,0,0.99926906498149,4,1.48338974360377,6
15,NaN,NaN,NaN,NaN,NaN,NaN,NaN,NaN,85,1,new,5,HouseObjects,flyswatter3,1,0,1.26039225468412,5,1.10665593761951,5
15,NaN,NaN,NaN,NaN,NaN,NaN,NaN,NaN,87,1,new,5,FruitsAndVegs,broccoli3,1,0,1.0603584498167,5,0.00010199099779129,5
15,NaN,NaN,NaN,NaN,NaN,NaN,NaN,NaN,88,1,new,5,HouseObjects,garbagebin3,1,0,1.40258338628337,2,1.45761553477496,5
15,NaN,NaN,NaN,NaN,NaN,NaN,NaN,NaN,90,1,new,5,HouseObjects,glass3,1,0,1.10516520123929,4,0.937422123737633,5
15,NaN,NaN,NaN,NaN,NaN,NaN,NaN,NaN,91,1,new,5,Instruments,cymbal3,0,0,1.38800701592118,4,1.85958312638104,5
15,NaN,NaN,NaN,NaN,NaN,NaN,NaN,NaN,92,1,new,5,HouseObjects,glassmop3,0,0,1.27963968319818,3,1.20123524544761,5
15,NaN,NaN,NaN,NaN,NaN,NaN,NaN,NaN,94,1,new,5,Instruments,doublebass3,0,0,0.988642118405551,3,0.933810745365918,4
15,NaN,NaN,NaN,NaN,NaN,NaN,NaN,NaN,96,1,new,5,Instruments,drums3,1,0,1.08049236610532,3,0.785666611976922,4
15,NaN,NaN,NaN,NaN,NaN,NaN,NaN,NaN,97,1,new,5,FruitsAndVegs,brusselssprout3,1,0,0.97842089086771,3,1.09844117378816,6
15,NaN,NaN,NaN,NaN,NaN,NaN,NaN,NaN,99,1,new,5,HouseObjects,handbrush3,1,0,1.59844774892554,3,1.02125742053613,5
15,NaN,NaN,NaN,NaN,NaN,NaN,NaN,NaN,101,1,new,5,Instruments,electricdrumset3,1,0,1.28687174106017,4,0.686700729653239,4
15,NaN,NaN,NaN,NaN,NaN,NaN,NaN,NaN,102,1,new,5,FruitsAndVegs,cabbage3,1,0,1.75575118418783,4,1.17892071092501,4
15,NaN,NaN,NaN,NaN,NaN,NaN,NaN,NaN,103,1,new,5,FruitsAndVegs,carrot3,1,0,1.59572446160018,4,1.11371704842895,6
15,NaN,NaN,NaN,NaN,NaN,NaN,NaN,NaN,106,1,new,5,FruitsAndVegs,casabamelon3,1,0,1.45977274002507,4,0.969198726117611,6
15,NaN,NaN,NaN,NaN,NaN,NaN,NaN,NaN,107,1,new,5,Instruments,electricguitar3,0,0,1.14633780252188,3,1.59306050883606,4
15,NaN,NaN,NaN,NaN,NaN,NaN,NaN,NaN,108,1,new,5,Instruments,flute3,1,0,0.848308954387903,4,6.76736235618591e-05,4
15,NaN,NaN,NaN,NaN,NaN,NaN,NaN,NaN,110,1,new,5,FruitsAndVegs,cauliflower3,0,0,1.07166309095919,3,1.00837576808408,6
15,NaN,NaN,NaN,NaN,NaN,NaN,NaN,NaN,113,1,new,5,Instruments,flutetrans3,1,0,0.984811684116721,4,0.64298541052267,4
15,NaN,NaN,NaN,NaN,NaN,NaN,NaN,NaN,115,1,new,5,FruitsAndVegs,celery3,1,0,3.16147416085005,4,0.972249795682728,6
15,NaN,NaN,NaN,NaN,NaN,NaN,NaN,NaN,116,1,new,5,Instruments,frenchhorn3,1,0,1.41318435361609,3,0.996603508479893,4
15,NaN,NaN,NaN,NaN,NaN,NaN,NaN,NaN,119,1,new,5,HouseObjects,handvacuum3,1,0,1.3106866334565,3,9.62181948125362e-05,3
15,NaN,NaN,NaN,NaN,NaN,NaN,NaN,NaN,123,1,new,5,FruitsAndVegs,cherry3,1,0,1.40705270785838,5,1.06389381689951,6
15,NaN,NaN,NaN,NaN,NaN,NaN,NaN,NaN,126,1,new,5,HouseObjects,iron3,0,0,1.18752868520096,3,9.75006259977818e-05,3
15,NaN,NaN,NaN,NaN,NaN,NaN,NaN,NaN,127,1,new,5,HouseObjects,ironingboard3,1,0,1.07736720889807,3,1.15399514371529,5
15,NaN,NaN,NaN,NaN,NaN,NaN,NaN,NaN,129,1,new,5,HouseObjects,key3,0,0,1.03828991297632,5,1.60182050662115,5
15,NaN,NaN,NaN,NaN,NaN,NaN,NaN,NaN,132,1,new,5,HouseObjects,knife3,1,0,2.09583334811032,4,0.919010187033564,5
15,NaN,NaN,NaN,NaN,NaN,NaN,NaN,NaN,133,1,new,5,FruitsAndVegs,cherrytomato3,0,0,0.962135370355099,3,1.50544641446322,6
15,NaN,NaN,NaN,NaN,NaN,NaN,NaN,NaN,134,1,new,5,Instruments,gong3,1,0,1.79618002101779,4,1.19201051490381,4
15,NaN,NaN,NaN,NaN,NaN,NaN,NaN,NaN,135,1,new,5,Instruments,grandpiano3,0,0,1.17624200461432,4,0.479759763460606,4
15,NaN,NaN,NaN,NaN,NaN,NaN,NaN,NaN,136,1,new,5,Instruments,guitarcase3,0,0,1.82172426953912,4,0.338407330680639,4
15,NaN,NaN,NaN,NaN,NaN,NaN,NaN,NaN,137,1,new,5,Instruments,harmonica3,1,0,1.02218624390662,5,1.04145259503275,4
15,NaN,NaN,NaN,NaN,NaN,NaN,NaN,NaN,139,1,new,5,FruitsAndVegs,coconut3,0,0,1.795392958913,3,1.58831632463261,6
15,NaN,NaN,NaN,NaN,NaN,NaN,NaN,NaN,140,1,new,5,FruitsAndVegs,coffeebean3,0,0,1.15581943467259,5,0.996466237585992,6
15,NaN,NaN,NaN,NaN,NaN,NaN,NaN,NaN,141,1,new,5,Instruments,harp3,0,0,1.19692853232846,3,1.00362228322774,4
15,NaN,NaN,NaN,NaN,NaN,NaN,NaN,NaN,143,1,new,5,HouseObjects,lintroller3,1,0,1.54404165828601,3,0.967982852831483,5
15,NaN,NaN,NaN,NaN,NaN,NaN,NaN,NaN,144,1,new,5,FruitsAndVegs,corn3,1,0,1.85700833518058,4,1.30127171194181,6
15,NaN,NaN,NaN,NaN,NaN,NaN,NaN,NaN,145,1,new,5,FruitsAndVegs,cucumber3,1,0,1.05656778579578,4,0.923551030922681,6
15,NaN,NaN,NaN,NaN,NaN,NaN,NaN,NaN,146,1,new,5,Instruments,hihat3,1,0,1.51916035171598,3,0.783595040440559,4
15,NaN,NaN,NaN,NaN,NaN,NaN,NaN,NaN,147,1,new,5,Instruments,keyboard3,0,0,1.06438613170758,3,0.496225852984935,4
15,NaN,NaN,NaN,NaN,NaN,NaN,NaN,NaN,152,1,new,5,Instruments,laud3,0,0,0.857233806047589,3,2.00953872175887,4
15,NaN,NaN,NaN,NaN,NaN,NaN,NaN,NaN,154,1,new,5,Instruments,maraca3,0,0,1.17163861962035,5,2.56527694873512,6
15,NaN,NaN,NaN,NaN,NaN,NaN,NaN,NaN,157,1,new,5,Instruments,marimba3,0,0,2.09439040021971,4,1.61052790563554,4
15,NaN,NaN,NaN,NaN,NaN,NaN,NaN,NaN,158,1,new,5,FruitsAndVegs,eggplant3,1,0,1.24924444872886,4,2.70880550937727,6
15,NaN,NaN,NaN,NaN,NaN,NaN,NaN,NaN,160,1,new,5,FruitsAndVegs,endive3,1,0,0.886450692079961,5,0.533417598810047,6
15,NaN,NaN,NaN,NaN,NaN,NaN,NaN,NaN,161,1,new,5,Instruments,metronome3,1,0,1.08039871416986,5,0.846776844467968,4
15,NaN,NaN,NaN,NaN,NaN,NaN,NaN,NaN,163,1,new,5,Instruments,musicsheet3,0,0,0.978311523795128,5,3.1586832003668,4
15,NaN,NaN,NaN,NaN,NaN,NaN,NaN,NaN,167,1,new,5,HouseObjects,match3,1,0,1.07652498129755,4,9.52556729316711e-05,4
15,NaN,NaN,NaN,NaN,NaN,NaN,NaN,NaN,171,1,new,5,HouseObjects,pan3,1,0,0.817740207072347,5,0.700403762515634,5
15,NaN,NaN,NaN,NaN,NaN,NaN,NaN,NaN,172,1,new,5,FruitsAndVegs,garlic3,1,0,1.56868338305503,4,0.761716052424163,6
15,NaN,NaN,NaN,NaN,NaN,NaN,NaN,NaN,175,1,new,5,HouseObjects,pitcher3,1,0,1.1331982864067,3,9.62177291512489e-05,3
15,NaN,NaN,NaN,NaN,NaN,NaN,NaN,NaN,177,1,new,5,FruitsAndVegs,ginger3,0,0,2.23064520861953,4,0.942670489195734,6
15,NaN,NaN,NaN,NaN,NaN,NaN,NaN,NaN,180,1,new,5,HouseObjects,recyclingbin3,0,0,1.54412985825911,5,2.0190145811066,5
15,NaN,NaN,NaN,NaN,NaN,NaN,NaN,NaN,181,1,new,5,FruitsAndVegs,grape3,1,0,2.07205020776019,4,1.31157119665295,6
15,NaN,NaN,NaN,NaN,NaN,NaN,NaN,NaN,182,1,new,5,Instruments,musicstand3,0,0,2.80278345523402,5,2.3402527901344,4
15,NaN,NaN,NaN,NaN,NaN,NaN,NaN,NaN,184,1,new,5,Instruments,oboe3,0,0,0.973460217006505,4,0.919888015370816,4
15,NaN,NaN,NaN,NaN,NaN,NaN,NaN,NaN,189,1,new,5,FruitsAndVegs,greenolive3,1,0,1.79519346682355,3,1.61351579241455,6
15,NaN,NaN,NaN,NaN,NaN,NaN,NaN,NaN,190,1,new,5,HouseObjects,rubbergloves3,1,0,1.37229014281183,3,1.99780045868829,5
15,NaN,NaN,NaN,NaN,NaN,NaN,NaN,NaN,191,1,new,5,FruitsAndVegs,iceberglettuce3,1,0,0.908178938552737,4,1.23297496465966,6
15,NaN,NaN,NaN,NaN,NaN,NaN,NaN,NaN,1,2,new,5,FruitsAndVegs,almond4,1,0,2.05518449284136,3,3.64940089965239,6
15,NaN,NaN,NaN,NaN,NaN,NaN,NaN,NaN,2,2,new,5,FruitsAndVegs,apple4,0,0,1.68379847705364,5,3.87836870923638,6
15,NaN,NaN,NaN,NaN,NaN,NaN,NaN,NaN,4,2,new,5,Instruments,accordion4,0,0,1.99008602835238,4,0.656915196217597,4
15,NaN,NaN,NaN,NaN,NaN,NaN,NaN,NaN,8,2,new,5,HouseObjects,ashtray4,0,0,2.43618331803009,4,1.87652324978262,5
15,NaN,NaN,NaN,NaN,NaN,NaN,NaN,NaN,9,2,new,5,FruitsAndVegs,apricot4,1,0,1.55199823714793,3,1.89971304638311,6
15,NaN,NaN,NaN,NaN,NaN,NaN,NaN,NaN,14,2,new,5,FruitsAndVegs,artichoke4,0,0,1.3460633889772,5,2.199878572952,6
15,NaN,NaN,NaN,NaN,NaN,NaN,NaN,NaN,15,2,new,5,HouseObjects,ballofstring4,1,0,1.61394909350201,3,3.93985098414123,5
15,NaN,NaN,NaN,NaN,NaN,NaN,NaN,NaN,18,2,new,5,HouseObjects,barbecuelighter4,0,0,2.28762929700315,5,1.3876080326736,5
15,NaN,NaN,NaN,NaN,NaN,NaN,NaN,NaN,19,2,new,5,HouseObjects,basket4,0,0,1.32313755014911,4,1.39666823064908,5
15,NaN,NaN,NaN,NaN,NaN,NaN,NaN,NaN,21,2,new,5,HouseObjects,bleachbottle4,1,0,1.09492088155821,4,0.546783227007836,5
15,NaN,NaN,NaN,NaN,NaN,NaN,NaN,NaN,24,2,new,5,Instruments,acousticguitar4,1,0,1.52292311238125,4,0.522746392525733,4
15,NaN,NaN,NaN,NaN,NaN,NaN,NaN,NaN,25,2,new,5,Instruments,balalaika4,1,0,0.926824684254825,4,0.654531237669289,4
15,NaN,NaN,NaN,NaN,NaN,NaN,NaN,NaN,29,2,new,5,HouseObjects,bottle4,0,0,1.49004192883149,4,2.33522348012775,1
15,NaN,NaN,NaN,NaN,NaN,NaN,NaN,NaN,30,2,new,5,Instruments,banjo4,0,0,2.23107209522277,4,0.690643097739667,4
15,NaN,NaN,NaN,NaN,NaN,NaN,NaN,NaN,31,2,new,5,HouseObjects,broom4,1,0,1.21588025102392,4,1.00226464867592,5
15,NaN,NaN,NaN,NaN,NaN,NaN,NaN,NaN,36,2,new,5,FruitsAndVegs,arugula4,0,0,2.29825784638524,4,1.92742861201987,6
15,NaN,NaN,NaN,NaN,NaN,NaN,NaN,NaN,38,2,new,5,HouseObjects,bucket4,0,0,1.89102905988693,3,1.20105499727651,5
15,NaN,NaN,NaN,NaN,NaN,NaN,NaN,NaN,41,2,new,5,Instruments,bassdrum4,1,0,1.41865273797885,3,1.75912875356153,4
15,NaN,NaN,NaN,NaN,NaN,NaN,NaN,NaN,44,2,new,5,FruitsAndVegs,asparagus4,0,0,1.32270873896778,3,2.28314265608788,6
15,NaN,NaN,NaN,NaN,NaN,NaN,NaN,NaN,45,2,new,5,Instruments,bassguitar4,0,0,1.4939451678656,4,1.29113419400528,4
15,NaN,NaN,NaN,NaN,NaN,NaN,NaN,NaN,47,2,new,5,FruitsAndVegs,avocado4,0,0,1.27818166138604,5,1.36236975714564,6
15,NaN,NaN,NaN,NaN,NaN,NaN,NaN,NaN,48,2,new,5,Instruments,cello4,1,0,1.16343379858881,4,0.645902737043798,4
15,NaN,NaN,NaN,NaN,NaN,NaN,NaN,NaN,49,2,new,5,FruitsAndVegs,banana4,0,0,2.2209903835319,3,1.23743658838794,6
15,NaN,NaN,NaN,NaN,NaN,NaN,NaN,NaN,50,2,new,5,Instruments,chime4,1,0,1.11532356636599,4,2.62156409909949,4
15,NaN,NaN,NaN,NaN,NaN,NaN,NaN,NaN,51,2,new,5,Instruments,clarinet4,0,0,1.18550137383863,4,0.450069806072861,4
15,NaN,NaN,NaN,NaN,NaN,NaN,NaN,NaN,52,2,new,5,HouseObjects,clock4,0,0,1.57701040059328,5,2.8598538194783,3
15,NaN,NaN,NaN,NaN,NaN,NaN,NaN,NaN,54,2,new,5,HouseObjects,clothesdryingrack4,0,0,2.05837347498164,3,1.0897029847838,5
15,NaN,NaN,NaN,NaN,NaN,NaN,NaN,NaN,55,2,new,5,FruitsAndVegs,beansprouts4,0,0,1.46997536486015,4,2.40670664422214,6
15,NaN,NaN,NaN,NaN,NaN,NaN,NaN,NaN,56,2,new,5,Instruments,cornet4,0,0,1.49172991095111,4,1.06197330728173,4
15,NaN,NaN,NaN,NaN,NaN,NaN,NaN,NaN,59,2,new,5,Instruments,cymbal4,0,0,1.08941914187744,3,1.03867735015228,4
15,NaN,NaN,NaN,NaN,NaN,NaN,NaN,NaN,60,2,new,5,HouseObjects,clothespin4,1,0,1.54886249592528,4,1.00438176328316,5
15,NaN,NaN,NaN,NaN,NaN,NaN,NaN,NaN,61,2,new,5,FruitsAndVegs,blackberry4,1,0,1.2121110749431,5,2.22651264956221,6
15,NaN,NaN,NaN,NaN,NaN,NaN,NaN,NaN,62,2,new,5,HouseObjects,coffee4,0,0,1.11126188840717,5,0.841870052739978,5
15,NaN,NaN,NaN,NaN,NaN,NaN,NaN,NaN,65,2,new,5,Instruments,doublebass4,1,0,1.07601566798985,5,0.971284729894251,4
15,NaN,NaN,NaN,NaN,NaN,NaN,NaN,NaN,66,2,new,5,FruitsAndVegs,blackolive4,1,0,1.06032413244247,5,2.44249809905887,6
15,NaN,NaN,NaN,NaN,NaN,NaN,NaN,NaN,69,2,new,5,Instruments,drums4,0,0,1.15530370688066,4,0.943558259867132,4
15,NaN,NaN,NaN,NaN,NaN,NaN,NaN,NaN,70,2,new,5,Instruments,electricdrumset4,1,0,2.25009148707613,3,0.963639255613089,4
15,NaN,NaN,NaN,NaN,NaN,NaN,NaN,NaN,71,2,new,5,FruitsAndVegs,blueberry4,0,0,2.69316272391006,4,1.43299241224304,6
15,NaN,NaN,NaN,NaN,NaN,NaN,NaN,NaN,74,2,new,5,HouseObjects,cushion4,0,0,1.63636914733797,3,1.08127429708838,5
15,NaN,NaN,NaN,NaN,NaN,NaN,NaN,NaN,78,2,new,5,HouseObjects,dishsoap4,0,0,1.07639508740976,5,1.18482175469398,5
15,NaN,NaN,NaN,NaN,NaN,NaN,NaN,NaN,79,2,new,5,HouseObjects,doormat4,0,0,1.0407623918727,4,0.970794660504907,5
15,NaN,NaN,NaN,NaN,NaN,NaN,NaN,NaN,80,2,new,5,FruitsAndVegs,broccoli4,0,0,1.17160718841478,4,1.88417096901685,6
15,NaN,NaN,NaN,NaN,NaN,NaN,NaN,NaN,81,2,new,5,Instruments,electricguitar4,1,0,1.38277725270018,3,1.31308823218569,4
15,NaN,NaN,NaN,NaN,NaN,NaN,NaN,NaN,82,2,new,5,Instruments,flute4,0,0,1.58007782744244,4,0.624373340513557,4
15,NaN,NaN,NaN,NaN,NaN,NaN,NaN,NaN,85,2,new,5,HouseObjects,dustpan4,0,0,1.33257043221965,3,1.16982940258458,5
15,NaN,NaN,NaN,NaN,NaN,NaN,NaN,NaN,87,2,new,5,HouseObjects,flyswatter4,0,0,1.27178766112775,3,0.976739001926035,5
15,NaN,NaN,NaN,NaN,NaN,NaN,NaN,NaN,88,2,new,5,Instruments,flutetrans4,1,0,1.47375576617196,3,9.94252040982246e-05,3
15,NaN,NaN,NaN,NaN,NaN,NaN,NaN,NaN,89,2,new,5,FruitsAndVegs,brusselssprout4,1,0,1.02834996208549,3,2.40142364008352,6
15,NaN,NaN,NaN,NaN,NaN,NaN,NaN,NaN,90,2,new,5,FruitsAndVegs,cabbage4,1,0,1.11036096746102,3,1.41352849313989,6
15,NaN,NaN,NaN,NaN,NaN,NaN,NaN,NaN,91,2,new,5,HouseObjects,garbagebin4,1,0,1.50032473541796,3,0.932447979226708,5
15,NaN,NaN,NaN,NaN,NaN,NaN,NaN,NaN,93,2,new,5,FruitsAndVegs,carrot4,0,0,1.31491476856172,3,1.83077516686171,6
15,NaN,NaN,NaN,NaN,NaN,NaN,NaN,NaN,95,2,new,5,Instruments,frenchhorn4,1,0,1.29315829789266,4,0.868485206272453,4
15,NaN,NaN,NaN,NaN,NaN,NaN,NaN,NaN,101,2,new,5,FruitsAndVegs,casabamelon4,1,0,3.00946174748242,4,1.4996018181555,6
15,NaN,NaN,NaN,NaN,NaN,NaN,NaN,NaN,105,2,new,5,HouseObjects,glass4,0,0,1.4272119612433,4,0.930398858617991,5
15,NaN,NaN,NaN,NaN,NaN,NaN,NaN,NaN,106,2,new,5,HouseObjects,glassmop4,0,0,1.14163723727688,4,0.416771998628974,5
15,NaN,NaN,NaN,NaN,NaN,NaN,NaN,NaN,107,2,new,5,HouseObjects,handbrush4,0,0,1.45688973087817,5,0.415349577087909,5
15,NaN,NaN,NaN,NaN,NaN,NaN,NaN,NaN,112,2,new,5,Instruments,gong4,0,0,1.36745166545734,3,0.35177937336266,4
15,NaN,NaN,NaN,NaN,NaN,NaN,NaN,NaN,113,2,new,5,Instruments,grandpiano4,0,0,1.46664943313226,3,0.915438258089125,4
15,NaN,NaN,NaN,NaN,NaN,NaN,NaN,NaN,114,2,new,5,Instruments,guitarcase4,0,0,1.66268410068005,4,0.827111189253628,4
15,NaN,NaN,NaN,NaN,NaN,NaN,NaN,NaN,115,2,new,5,Instruments,harmonica4,0,0,2.45050695631653,4,0.381097608711571,4
15,NaN,NaN,NaN,NaN,NaN,NaN,NaN,NaN,116,2,new,5,HouseObjects,handvacuum4,0,0,1.27879681484774,5,0.000100708100944757,5
15,NaN,NaN,NaN,NaN,NaN,NaN,NaN,NaN,117,2,new,5,FruitsAndVegs,cauliflower4,0,0,1.64622153900564,4,1.158119042404,6
15,NaN,NaN,NaN,NaN,NaN,NaN,NaN,NaN,119,2,new,5,HouseObjects,iron4,1,0,1.82282243669033,3,0.910800876095891,5
15,NaN,NaN,NaN,NaN,NaN,NaN,NaN,NaN,120,2,new,5,Instruments,harp4,0,0,0.970825770869851,5,1.60613908665255,5
15,NaN,NaN,NaN,NaN,NaN,NaN,NaN,NaN,123,2,new,5,FruitsAndVegs,celery4,0,0,1.48339295061305,4,0.518625700380653,6
15,NaN,NaN,NaN,NaN,NaN,NaN,NaN,NaN,124,2,new,5,HouseObjects,ironingboard4,0,0,1.81229908531532,4,0.376624438911676,5
15,NaN,NaN,NaN,NaN,NaN,NaN,NaN,NaN,125,2,new,5,Instruments,hihat4,1,0,1.99481642106548,4,0.575279761571437,4
15,NaN,NaN,NaN,NaN,NaN,NaN,NaN,NaN,128,2,new,5,HouseObjects,key4,1,0,1.22396768629551,3,0.883947743102908,5
15,NaN,NaN,NaN,NaN,NaN,NaN,NaN,NaN,133,2,new,5,FruitsAndVegs,cherry4,0,0,0.974913427606225,4,2.22102983295918,6
15,NaN,NaN,NaN,NaN,NaN,NaN,NaN,NaN,135,2,new,5,FruitsAndVegs,cherrytomato4,1,0,2.16598036559299,4,0.839734335895628,6
15,NaN,NaN,NaN,NaN,NaN,NaN,NaN,NaN,136,2,new,5,FruitsAndVegs,coconut4,0,0,1.23850107938051,4,0.476890866179019,6
15,NaN,NaN,NaN,NaN,NaN,NaN,NaN,NaN,137,2,new,5,FruitsAndVegs,coffeebean4,1,0,2.79499044734985,4,1.11938396142796,6
15,NaN,NaN,NaN,NaN,NaN,NaN,NaN,NaN,139,2,new,5,FruitsAndVegs,corn4,0,0,1.41254354268312,4,0.0443484331481159,6
15,NaN,NaN,NaN,NaN,NaN,NaN,NaN,NaN,140,2,new,5,HouseObjects,knife4,0,0,1.02080712048337,5,0.150913605000824,5
15,NaN,NaN,NaN,NaN,NaN,NaN,NaN,NaN,143,2,new,5,HouseObjects,lintroller4,0,0,1.73849354172125,4,1.02302109450102,5
15,NaN,NaN,NaN,NaN,NaN,NaN,NaN,NaN,147,2,new,5,HouseObjects,match4,0,0,1.2546252743341,3,9.04449261724949e-05,3
15,NaN,NaN,NaN,NaN,NaN,NaN,NaN,NaN,148,2,new,5,FruitsAndVegs,cucumber4,0,0,1.30792293418199,4,0.909344458021224,6
15,NaN,NaN,NaN,NaN,NaN,NaN,NaN,NaN,150,2,new,5,Instruments,keyboard4,1,0,1.52576859667897,4,0.2660559611395,4
15,NaN,NaN,NaN,NaN,NaN,NaN,NaN,NaN,153,2,new,5,FruitsAndVegs,eggplant4,1,0,1.42684376752004,4,9.6538569778204e-05,4
15,NaN,NaN,NaN,NaN,NaN,NaN,NaN,NaN,154,2,new,5,HouseObjects,pan4,1,0,0.949949694331735,6,0.79801329318434,5
15,NaN,NaN,NaN,NaN,NaN,NaN,NaN,NaN,156,2,new,5,FruitsAndVegs,endive4,0,0,1.46970787923783,4,0.988878493662924,6
15,NaN,NaN,NaN,NaN,NaN,NaN,NaN,NaN,157,2,new,5,FruitsAndVegs,garlic4,0,0,1.79700075974688,4,0.779362094122916,2
15,NaN,NaN,NaN,NaN,NaN,NaN,NaN,NaN,162,2,new,5,Instruments,laud4,0,0,0.832058072090149,4,0.387067929841578,4
15,NaN,NaN,NaN,NaN,NaN,NaN,NaN,NaN,164,2,new,5,HouseObjects,pitcher4,1,0,1.48210587631911,5,0.282751370221376,5
15,NaN,NaN,NaN,NaN,NaN,NaN,NaN,NaN,165,2,new,5,Instruments,maraca4,0,0,1.19265677826479,5,0.225369901861995,4
15,NaN,NaN,NaN,NaN,NaN,NaN,NaN,NaN,168,2,new,5,FruitsAndVegs,ginger4,0,0,1.05748698720708,4,1.5976767227985,6
15,NaN,NaN,NaN,NaN,NaN,NaN,NaN,NaN,169,2,new,5,Instruments,marimba4,1,0,1.53292400110513,4,0.341252173297107,5
15,NaN,NaN,NaN,NaN,NaN,NaN,NaN,NaN,171,2,new,5,HouseObjects,recyclingbin4,1,0,1.23739521484822,3,0.655421573668718,5
15,NaN,NaN,NaN,NaN,NaN,NaN,NaN,NaN,172,2,new,5,Instruments,metronome4,0,0,1.37404034705833,4,1.13912402605638,4
15,NaN,NaN,NaN,NaN,NaN,NaN,NaN,NaN,178,2,new,5,Instruments,musicsheet4,0,0,1.48245290201157,4,0.329276572912931,4
15,NaN,NaN,NaN,NaN,NaN,NaN,NaN,NaN,179,2,new,5,FruitsAndVegs,grape4,0,0,1.30186248989776,4,0.14944435749203,6
15,NaN,NaN,NaN,NaN,NaN,NaN,NaN,NaN,182,2,new,5,FruitsAndVegs,greenolive4,0,0,1.68472954584286,4,0.921638539526612,6
15,NaN,NaN,NaN,NaN,NaN,NaN,NaN,NaN,184,2,new,5,FruitsAndVegs,iceberglettuce4,0,0,1.18335218681023,5,1.25955515913665,6
15,NaN,NaN,NaN,NaN,NaN,NaN,NaN,NaN,185,2,new,5,HouseObjects,rubbergloves4,0,0,1.89681913238019,5,0.273877834901214,5
15,NaN,NaN,NaN,NaN,NaN,NaN,NaN,NaN,188,2,new,5,Instruments,musicstand4,0,0,1.53511231672019,4,0.563074842095375,4
15,NaN,NaN,NaN,NaN,NaN,NaN,NaN,NaN,189,2,new,5,Instruments,oboe4,1,0,2.99784279474989,4,0.498136419802904,4
